<?xml version='1.0' encoding='UTF-8'?>
<!DOCTYPE hibernate-configuration PUBLIC
          "-//Hibernate/Hibernate Configuration DTD 3.0//EN"
          "http://www.hibernate.org/dtd/hibernate-configuration-3.0.dtd">
<!-- Generated by MyEclipse Hibernate Tools.                   -->
<hibernate-configuration>

	<session-factory>
		<property name="myeclipse.connection.profile">BBS</property>
		<property name="connection.url">
			jdbc:mysql://localhost:3306/BBS?useUnicode=true&amp;characterEncoding=UTF-8
		</property>
		<property name="connection.username">root</property>
		<property name="connection.password">101606</property>
		<property name="connection.driver_class">
			com.mysql.jdbc.Driver
		</property>
		<property name="dialect">
			org.hibernate.dialect.MySQLDialect
		</property>

		<mapping resource="com/bbs/model/User.hbm.xml" />
		<mapping resource="com/bbs/model/Post.hbm.xml" />
		<mapping resource="com/bbs/model/Admin.hbm.xml" />
		<mapping resource="com/bbs/model/SubForum.hbm.xml" />
		<mapping resource="com/bbs/model/MainForum.hbm.xml" />
		<mapping resource="com/bbs/model/Followcard.hbm.xml" />
		<mapping resource="com/bbs/model/Notice.hbm.xml" />
		<mapping resource="com/bbs/model/BlackList.hbm.xml" />
		<mapping resource="com/bbs/model/BestPost.hbm.xml" />

	</session-factory>

</hibernate-configuration>