<?xml version="1.0" encoding="utf-8"?>
<!DOCTYPE hibernate-mapping PUBLIC "-//Hibernate/Hibernate Mapping DTD 3.0//EN"
"http://www.hibernate.org/dtd/hibernate-mapping-3.0.dtd">
<!-- 
    Mapping file autogenerated by MyEclipse Persistence Tools
-->
<hibernate-mapping>
    <class name="com.bbs.model.Admin" table="admin" catalog="BBS" lazy="false">
        <id name="id" type="java.lang.Integer">
            <column name="id" />
            <generator class="identity" />
        </id>
        <property name="userName" type="java.lang.String">
            <column name="user_name" length="20" not-null="true" />
        </property>
        <property name="password" type="java.lang.String">
            <column name="password" length="20" not-null="true" />
        </property>
        <property name="photoUrl" type="java.lang.String">
            <column name="photo_url" />
        </property>
        <property name="email" type="java.lang.String">
            <column name="email" length="30" not-null="true" />
        </property>
        <property name="type" type="java.lang.Integer">
            <column name="type" not-null="true" />
        </property>
        <property name="sex" type="java.lang.String">
            <column name="sex" length="10" />
        </property>
        <set name="notices" inverse="true" lazy="false">
            <key>
                <column name="admin_id" not-null="true" />
            </key>
            <one-to-many class="com.bbs.model.Notice" />
        </set>
    </class>
</hibernate-mapping>
