<?xml version="1.0" encoding="utf-8"?>
<!DOCTYPE hibernate-mapping PUBLIC "-//Hibernate/Hibernate Mapping DTD 3.0//EN"
"http://www.hibernate.org/dtd/hibernate-mapping-3.0.dtd">
<!-- 
    Mapping file autogenerated by MyEclipse Persistence Tools
-->
<hibernate-mapping>
    <class name="com.bbs.model.BestPost" table="best_post" catalog="BBS" lazy="false">
        <id name="id" type="java.lang.Integer">
            <column name="id" />
            <generator class="identity" />
        </id>
        <many-to-one name="user" class="com.bbs.model.User" fetch="select" lazy="false">
            <column name="user_id" not-null="true" />
        </many-to-one>
        <many-to-one name="post" class="com.bbs.model.Post" fetch="select" lazy="false">
            <column name="post_id" not-null="true" />
        </many-to-one>
        <property name="applyDate" type="java.sql.Timestamp">
            <column name="apply_date" length="19" not-null="true" />
        </property>
        <property name="state" type="java.lang.Integer">
            <column name="state" />
        </property>
    </class>
</hibernate-mapping>
