<?xml version="1.0" encoding="utf-8"?>
<!DOCTYPE hibernate-mapping PUBLIC "-//Hibernate/Hibernate Mapping DTD 3.0//EN"
"http://www.hibernate.org/dtd/hibernate-mapping-3.0.dtd">
<!-- 
    Mapping file autogenerated by MyEclipse Persistence Tools
-->
<hibernate-mapping>
    <class name="com.bbs.model.Followcard" table="followcard" catalog="BBS" lazy="false">
        <id name="id" type="java.lang.Integer">
            <column name="id" />
            <generator class="identity" />
        </id>
        <many-to-one name="user" class="com.bbs.model.User" fetch="select">
            <column name="user_id" not-null="true" />
        </many-to-one>
        <many-to-one name="post" class="com.bbs.model.Post" fetch="select">
            <column name="send_id" not-null="true" />
        </many-to-one>
        <property name="followContent" type="java.lang.String">
            <column name="follow_content" length="200" />
        </property>
        <property name="followDate" type="java.sql.Timestamp">
            <column name="follow_date" length="19" not-null="true" />
        </property>
    </class>
</hibernate-mapping>
