<?xml version="1.0" encoding="utf-8"?>
<!DOCTYPE hibernate-mapping PUBLIC "-//Hibernate/Hibernate Mapping DTD 3.0//EN"
"http://www.hibernate.org/dtd/hibernate-mapping-3.0.dtd">
<!-- 
    Mapping file autogenerated by MyEclipse Persistence Tools
-->
<hibernate-mapping>
    <class name="com.bbs.model.Notice" table="notice" catalog="BBS" lazy="false">
        <id name="id" type="java.lang.Integer">
            <column name="id" />
            <generator class="identity" />
        </id>
        <many-to-one name="admin" class="com.bbs.model.Admin" fetch="select" lazy="false">
            <column name="admin_id" not-null="true" />
        </many-to-one>
        <property name="content" type="java.lang.String">
            <column name="content" length="200" />
        </property>
        <property name="noticeDate" type="java.sql.Timestamp">
            <column name="notice_date" length="19" not-null="true" />
        </property>
        <property name="title" type="java.lang.String">
            <column name="title" length="45" />
        </property>
    </class>
</hibernate-mapping>
