<?xml version="1.0" encoding="utf-8"?>
<!DOCTYPE hibernate-mapping PUBLIC "-//Hibernate/Hibernate Mapping DTD 3.0//EN"
"http://www.hibernate.org/dtd/hibernate-mapping-3.0.dtd">
<!-- 
    Mapping file autogenerated by MyEclipse Persistence Tools
-->
<hibernate-mapping>
    <class name="com.bbs.model.Post" table="post" catalog="BBS">
        <id name="id" type="java.lang.Integer">
            <column name="id" />
            <generator class="identity" />
        </id>
        <many-to-one name="user" class="com.bbs.model.User" fetch="select">
            <column name="user_id" not-null="true" />
        </many-to-one>
        <many-to-one name="subForum" class="com.bbs.model.SubForum" fetch="select">
            <column name="forum" not-null="true" />
        </many-to-one>
        <property name="title" type="java.lang.String">
            <column name="title" length="40" not-null="true" />
        </property>
        <property name="cardContent" type="java.lang.String">
            <column name="card_content" length="500" not-null="true" />
        </property>
        <property name="sendDate" type="java.sql.Timestamp">
            <column name="send_date" length="19" not-null="true" />
        </property>
        <property name="postType" type="java.lang.Integer">
            <column name="post_type" />
        </property>
        <property name="replyNum" type="java.lang.Integer">
            <column name="reply_num" />
        </property>
        <property name="viewNum" type="java.lang.Integer">
            <column name="view_num" />
        </property>
        <set name="bestPosts" inverse="true">
            <key>
                <column name="post_id" not-null="true" />
            </key>
            <one-to-many class="com.bbs.model.BestPost" />
        </set>
        <set name="followcards" inverse="true">
            <key>
                <column name="send_id" not-null="true" />
            </key>
            <one-to-many class="com.bbs.model.Followcard" />
        </set>
    </class>
</hibernate-mapping>
