<?xml version="1.0" encoding="utf-8"?>
<!DOCTYPE hibernate-mapping PUBLIC "-//Hibernate/Hibernate Mapping DTD 3.0//EN"
"http://www.hibernate.org/dtd/hibernate-mapping-3.0.dtd">
<!-- 
    Mapping file autogenerated by MyEclipse Persistence Tools
-->
<hibernate-mapping>
    <class name="com.bbs.model.SubForum" table="sub_forum" catalog="BBS" lazy="false">
        <id name="id" type="java.lang.Integer">
            <column name="id" />
            <generator class="identity" />
        </id>
        <many-to-one name="mainForum" class="com.bbs.model.MainForum" fetch="select">
            <column name="main_forum" not-null="true" />
        </many-to-one>
        <property name="title" type="java.lang.String">
            <column name="title" length="20" not-null="true" />
        </property>
        <property name="info" type="java.lang.String">
            <column name="info" length="60" />
        </property>
        <set name="posts" inverse="true" lazy="false">
            <key>
                <column name="forum" not-null="true" />
            </key>
            <one-to-many class="com.bbs.model.Post" />
        </set>
    </class>
</hibernate-mapping>
