<?xml version="1.0" encoding="utf-8"?>
<!DOCTYPE hibernate-mapping PUBLIC "-//Hibernate/Hibernate Mapping DTD 3.0//EN"
"http://www.hibernate.org/dtd/hibernate-mapping-3.0.dtd">
<!-- 
    Mapping file autogenerated by MyEclipse Persistence Tools
-->
<hibernate-mapping>
    <class name="com.bbs.model.User" table="user" catalog="BBS" lazy="false">
        <id name="id" type="java.lang.Integer">
            <column name="id" />
            <generator class="identity" />
        </id>
        <property name="username" type="java.lang.String">
            <column name="username" length="20" not-null="true" />
        </property>
        <property name="password" type="java.lang.String">
            <column name="password" length="20" not-null="true" />
        </property>
        <property name="sex" type="java.lang.String">
            <column name="sex" length="5" />
        </property>
        <property name="photoUrl" type="java.lang.String">
            <column name="photo_url" />
        </property>
        <property name="email" type="java.lang.String">
            <column name="email" length="30" not-null="true" />
        </property>
        <property name="type" type="java.lang.Integer">
            <column name="type" not-null="true" />
        </property>
        <property name="registerDate" type="java.sql.Timestamp">
            <column name="register_date" length="19" not-null="true" />
        </property>
        <property name="signature" type="java.lang.String">
            <column name="signature" length="50" />
        </property>
        <property name="level" type="java.lang.Integer">
            <column name="level" not-null="true" />
        </property>
        <property name="activeCode" type="java.lang.String">
            <column name="active_code" length="32" />
        </property>
        <property name="hasActive" type="java.lang.Integer">
            <column name="hasActive" />
        </property>
        <set name="bestPosts" inverse="true" lazy="false">
            <key>
                <column name="user_id" not-null="true" />
            </key>
            <one-to-many class="com.bbs.model.BestPost" />
        </set>
        <set name="posts" inverse="true" lazy="false">
            <key>
                <column name="user_id" not-null="true" />
            </key>
            <one-to-many class="com.bbs.model.Post" />
        </set>
        <set name="blackLists" inverse="true" lazy="false">
            <key>
                <column name="user_id" not-null="true" />
            </key>
            <one-to-many class="com.bbs.model.BlackList" />
        </set>
        <set name="followcards" inverse="true" lazy="false">
            <key>
                <column name="user_id" not-null="true" />
            </key>
            <one-to-many class="com.bbs.model.Followcard" />
        </set>
    </class>
</hibernate-mapping>
